{"cameraMode":{"drawMode":0,"name":"Shaded","section":"Shading Mode"},"sceneLighting":true,"audioPlay":false,"sceneViewState":{"m_AlwaysRefresh":false,"showFog":true,"showSkybox":true,"showFlares":true,"showImageEffects":true,"showParticleSystems":true,"showVisualEffectGraphs":true,"m_FxEnabled":true},"in2DMode":false,"pivot":{"x":-6.3720173835754398,"y":0.3717973530292511,"z":2.3648855686187746},"rotation":{"x":0.04445410147309303,"y":-0.9302118420600891,"z":0.3441011309623718,"w":0.12011482566595078},"size":8.281289100646973,"orthographic":false}